n_week_train,mae_first,maxAE,mae_last,total
52.0,1.0628006928202187,2.2866283524904176,1.2957420203283982,4.645171065639035
26.0,2.3985911882920856,8.031111111111112,1.0697571814303342,11.499459480833533
4.0,1.3056207706766905,3.047388888888886,1.181855821722085,5.534865481287661
1.0,1.1778193547744304,6.33666666666667,1.1350633372433019,8.649549358684402
