n_week_train,mae_first,maxAE,mae_last,total
52.0,1.5709356097301175,5.329396441020254,1.6783302536275804,8.578662304377952
26.0,1.409669407669843,3.396000000000008,1.1762572549211388,5.98192666259099
4.0,1.0818008406105832,2.4271666666666647,1.1521995575647666,4.661167064842014
1.0,1.4990672799422786,3.9971999999999994,1.5176664664708472,7.013933746413125
