n_week_train,mae_first,maxAE,mae_last,total
52.0,1.0741951792698594,4.183066696684732,1.1904030433308626,6.4476649192854545
26.0,0.9131295061695976,1.966927073351294,0.9450363520770022,3.8250929315978937
4.0,1.0444955770235322,3.4641666666666637,0.8767202180415591,5.385382461731755
1.0,1.006323604287394,2.3728571428571428,0.9577781145894574,4.3369588617339945
