n_week_train,mae_first,maxAE,mae_last,total
52.0,0.8061010289421162,4.357500000000002,0.8853132737926782,6.048914302734796
26.0,0.8501546013460641,3.6645098039215718,1.1256249564046752,5.640289361672311
4.0,0.7483493927460098,2.5484210526315785,1.147233720028849,4.444004165406437
1.0,1.1802230235042737,5.159230769230771,1.2633688101279026,7.602822602862947
