n_week_train,mae_first,maxAE,mae_last,total
52.0,1.5312986885240396,3.9495140796774475,1.0563721246472535,6.537184892848741
26.0,1.2967416446905764,4.984999999999996,0.9043532299297128,7.186094874620285
4.0,1.3857132150751337,3.602405660377361,1.1283374902738876,6.116456365726382
1.0,1.665617559523809,5.257380952380952,1.4346308697089944,8.357629381613755
