n_week_train,mae_first,maxAE,mae_last,total
52.0,2.176840720410236,5.715916553858385,2.6893862617763338,10.582143536044955
26.0,1.299796326498574,5.025892857142857,1.9409676807901644,8.266656864431596
4.0,1.5272140938573386,4.612000000000002,1.8925282688652771,8.031742362722618
1.0,2.0041642096648564,6.806800000000003,1.8153431233736514,10.626307333038511
