n_week_train,mae_first,maxAE,mae_last,total
52.0,1.5427517403009134,3.6340567354471673,1.3630236922446186,6.539832167992699
26.0,1.3531500882137044,4.608523437500001,1.0976542666153974,7.0593277923291025
4.0,1.367092585158651,3.646782608695652,1.2052074216231121,6.219082615477415
1.0,1.665617559523809,5.257380952380952,1.5044485780423278,8.427447089947089
