n_week_train,mae_first,maxAE,mae_last,total
52.0,1.085787086687946,3.1855263157894758,1.3067543451793824,5.578067747656804
26.0,0.7454029293971043,2.6018991017910373,1.0331962628859708,4.380498294074113
4.0,1.0444955770235322,3.4641666666666637,0.8859317214393808,5.394593965129577
1.0,0.7641395137600493,1.952613636363635,0.9906877823730501,3.7074409324967346
