n_week_train,mae_first,maxAE,mae_last,total
52.0,1.6185391725495848,4.928107031539355,1.3696161873525285,7.916262391441468
26.0,1.519155659140143,5.214999999999996,1.0911493903277085,7.825305049467848
4.0,1.3142701000690118,3.047388888888886,1.181855821722085,5.543514810679982
1.0,1.042226297226208,2.2880000000000003,1.0829589852366546,4.413185282462862
