n_week_train,mae_first,maxAE,mae_last,total
52.0,2.661900408981683,8.796286070936535,2.5287292261459546,13.986915706064174
26.0,2.3891098642811652,6.404887573964487,2.1127044325115216,10.906701870757175
4.0,3.121087214627123,9.448448275862074,2.5523028015643705,15.121838292053567
1.0,3.271915106813231,12.501000000000001,5.3915469792975905,21.164462086110824
