n_week_train,mae_first,maxAE,mae_last,total
52.0,0.9354854723782663,2.72721246420803,1.3670134493880333,5.02971138597433
26.0,1.2138929852651978,7.87573406381912,1.3152519901316195,10.404879039215936
4.0,1.1466072741638365,3.3362660245981637,1.3789063763695242,5.861779675131524
1.0,1.2350677144611688,4.604627773902937,1.7315154407097324,7.571210929073838
