n_week_train,mae_first,maxAE,mae_last,total
52.0,1.7737453834919255,6.030660520463577,2.1998799070361175,10.00428581099162
26.0,1.230790856693075,5.076229508196725,1.915628099203217,8.222648464093016
4.0,1.5492884194247882,5.102857142857147,1.8876691240061327,8.539814686288068
1.0,2.147537506689468,6.806800000000003,1.9347968710289523,10.889134377718422
