n_week_train,mae_first,maxAE,mae_last,total
52.0,0.8016527534120066,2.0078251697533034,1.3811964047720882,4.190674327937398
26.0,0.976338540922147,2.4321334050653824,1.3156278915260267,4.724099837513556
4.0,1.176761145509837,2.795628773653096,1.386983087660072,5.359373006823005
1.0,0.9440596496442923,2.5880447920895584,1.745624871025353,5.277729312759204
