n_week_train,mae_first,maxAE,mae_last,total
52.0,2.527811279728918,7.321800945788141,2.14541027970319,11.99502250522025
26.0,2.9603069344505504,10.344310687830703,2.121219023048346,15.425836645329598
4.0,3.337174698655443,10.3583486238532,2.6641960505363493,16.359719373044992
1.0,3.554770021787675,12.458666666666655,3.6146563864605232,19.628093074914855
