n_week_train,mae_first,maxAE,mae_last,total
52.0,0.917510589874567,4.115789473684211,0.8823766625649451,5.915676726123723
26.0,0.9622630547800194,3.3717647058823523,1.2187916918620818,5.552819452524454
4.0,0.5530637542925406,2.630000000000001,1.147233720028849,4.330297474321391
1.0,1.1802230235042737,5.159230769230771,1.2633688101279026,7.602822602862947
