n_week_train,mae_first,maxAE,mae_last,total
52.0,1.3658388602569798,4.389816176470596,1.2375641611599262,6.993219197887502
26.0,1.3643954990002842,4.134681498829032,1.1153509247572895,6.614427922586606
4.0,1.3023064831833044,3.295499999999997,1.1642431989465332,5.762049682129835
1.0,1.5029002525252508,3.9971999999999994,1.3701010627104375,6.870201315235688
