n_week_train,mae_first,maxAE,mae_last,total
52.0,2.3183550429867417,7.77874022626294,2.227282416233077,12.324377685482759
26.0,2.439679844586989,7.1979181197478965,1.950829734990977,11.588427699325862
4.0,2.3854056306596587,9.760956649132382,2.220880125753798,14.367242405545838
1.0,1.9093533149077246,6.935500000000019,1.8019061474790652,10.646759462386807
