n_week_train,mae_first,maxAE,mae_last,total
52.0,0.7068719146806137,2.865680473372784,0.7370050912063817,4.309557479259779
26.0,0.7837470858685684,2.9846511627906995,0.8956950856389218,4.664093334298189
4.0,0.8856103351643987,3.7844871794871793,0.8528346775153525,5.522932192166931
1.0,0.9843605483616449,2.608888888888889,0.8412360008818341,4.434485438132368
