n_week_train,mae_first,maxAE,mae_last,total
52.0,0.7424222121162669,2.8378366914504216,0.7745602961065711,4.35481919967326
26.0,1.1531302319615346,4.473132530120482,0.931565925234333,6.557828687316349
4.0,0.825957301241008,2.739285714285714,1.147233720028849,4.712476735555571
1.0,1.1802230235042737,5.159230769230771,1.2633688101279026,7.602822602862947
