n_week_train,mae_first,maxAE,mae_last,total
52.0,0.7994859930292291,3.3755555555555556,0.7003206377751703,4.875362186359955
26.0,0.9003215347212526,2.688585858585858,1.146095300743139,4.73500269405025
4.0,0.9382051971286158,3.4501333333333335,0.7339065639444622,5.122245094406411
1.0,1.1671859545781647,3.022857142857143,1.0071876008134484,5.197230698248756
