n_week_train,mae_first,maxAE,mae_last,total
52.0,0.8988675977454683,4.248205128205129,0.9884823562762854,6.135555082226882
26.0,1.0520868045809675,5.161627906976747,0.8600431004145523,7.073757811972267
4.0,0.97212530386973,4.204444444444444,1.147233720028849,6.323803468343023
1.0,1.1654927715721246,5.159230769230771,1.2633688101279026,7.588092350930798
