n_week_train,mae_first,maxAE,mae_last,total
52.0,1.4701925175165416,3.9413421985881083,1.1136643766550935,6.525199092759744
26.0,1.0911189497780462,3.7841747572815514,1.2291197232049766,6.104413430264574
4.0,1.7130465460228885,3.689117647058824,1.079702941678711,6.4818671347604235
1.0,1.665617559523809,5.257380952380952,1.3214397321428568,8.244438244047618
