n_week_train,mae_first,maxAE,mae_last,total
52.0,1.8193844010810558,3.9677487565903657,0.853835119533529,6.6409682772049505
26.0,1.1178706231773865,4.025238095238095,0.9984369164632417,6.141545634878724
4.0,1.731685732440417,4.774126984126983,1.057206191823433,7.563018908390832
1.0,1.665617559523809,5.257380952380952,1.4346308697089944,8.357629381613755
