n_week_train,mae_first,maxAE,mae_last,total
52.0,2.591615583350803,6.91502803090421,3.523130151184059,13.029773765439073
26.0,2.298360775664982,6.964405064425762,1.9322230044499582,11.194988844540703
4.0,2.1845629106601687,6.283484848484861,2.038705518099662,10.506753277244691
1.0,1.9093533149077246,6.935500000000019,2.183369475232622,11.028222790140365
