n_week_train,mae_first,maxAE,mae_last,total
52.0,0.8393095623636282,2.8406878306878376,1.3446926848278073,5.024690077879273
26.0,0.8584794691570319,2.553744680851068,1.5674796071546266,4.979703757162726
4.0,1.2017637750086902,3.9009615384615373,1.5061451497506015,6.608870463220828
1.0,2.138714784378625,9.290740740740741,1.4345753250494901,12.864030850168856
