n_week_train,mae_first,maxAE,mae_last,total
52.0,0.3880295737070154,1.0713846153846145,0.5461170546062745,2.0055312436979045
26.0,0.3277911762408694,1.236986970684029,0.45949495363463067,2.024273100559529
4.0,0.25348458508124383,0.5927272727272719,0.4447282691066539,1.2909401269151697
1.0,0.3078665513945119,1.0419047619047621,0.49993364197530876,1.849704955274583
