n_week_train,mae_first,maxAE,mae_last,total
52.0,3.0554613826091,8.528384615384613,1.5495474516375762,13.133393449631289
26.0,2.306503548165067,5.9690625000000015,4.077686782533632,12.3532528306987
4.0,2.194397424413049,5.505038759689921,5.663284451790764,13.362720635893734
1.0,2.7934807692307695,5.093846153846154,5.359727711552431,13.247054634629354
