n_week_train,mae_first,maxAE,mae_last,total
52.0,1.0749831747753442,1.9279365079365043,1.0833630563182663,4.086282739030114
26.0,1.23459282281671,3.3483539094650254,0.7771232222838304,5.3600699545655655
4.0,1.204041276104622,4.063199999999998,1.0053764786263397,6.27261775473096
1.0,0.8669800532392449,2.0307692307692307,0.962910186644102,3.8606594706525774
