n_week_train,mae_first,maxAE,mae_last,total
52.0,0.6465490538569825,1.6815370705244161,0.9342842840663367,3.262370408447735
26.0,0.6656527449868088,1.7152985074626868,0.8875727370778201,3.2685239895273157
4.0,0.7725276360544218,2.5169047619047626,0.9305953561980345,4.220027754157218
1.0,0.7137575030012002,2.3396638655462185,0.9783177437641721,4.031739112311591
