n_week_train,mae_first,maxAE,mae_last,total
52.0,1.5461983976438565,4.161809523809527,1.2958852884252923,7.003893209878676
26.0,1.262626857348678,3.583611111111111,1.3676341292832022,6.213872097742991
4.0,1.195574113136223,3.4271098265896,1.361606085007042,5.984290024732864
1.0,1.3677582565284176,4.666250000000002,1.4845747640669518,7.51858302059537
