n_week_train,mae_first,maxAE,mae_last,total
52.0,1.9916520459075855,6.402934010152265,2.0554783745676963,10.450064430627547
26.0,1.7202777320347942,5.688769230769239,1.8323439960034593,9.241390958807493
4.0,1.5979607040733907,5.24862745098039,1.9762150847957296,8.82280323984951
1.0,1.9667482475367497,6.941666666666666,2.1043831168831164,11.012798031086533
