n_week_train,mae_first,maxAE,mae_last,total
52.0,0.4311061977839797,1.2144230769230768,0.4732902651281763,2.1188195398352327
26.0,0.4755231426320018,1.0956223175965665,0.4260383315929774,1.9971837918215456
4.0,0.48938030792551823,1.1062765957446818,0.4794690349777045,2.0751259386479046
1.0,0.44406451534576524,1.1649999999999996,0.5243691584696434,2.133433673815408
