n_week_train,mae_first,maxAE,mae_last,total
52.0,1.5396919219722052,4.367499999999993,1.8428257906114391,7.750017712583636
26.0,1.8559390933282576,6.4463888888889045,1.6603389151662704,9.962666897383434
4.0,1.0390432224880657,2.3689999999999998,1.841529053257029,5.249572275745095
1.0,0.8193493774743766,2.1383333333333354,1.7182394608991833,4.675922171706896
