n_week_train,mae_first,maxAE,mae_last,total
52.0,1.2253863837143293,4.426666666666666,1.2156035828886256,6.86765663326962
26.0,1.3721124198926202,5.427647058823531,1.1797114317110011,7.979470910427152
4.0,1.3358412999632527,5.67876712328767,1.3994595648907833,8.414067988141706
1.0,1.5221871303698142,6.137499999999999,1.3916207989521885,9.051307929322002
