n_week_train,mae_first,maxAE,mae_last,total
52.0,0.3354680807831505,1.0199752475247568,0.3211835785439919,1.676626906851899
26.0,0.3654033343295063,1.0420557491289166,0.4039028165091119,1.8113618999675347
4.0,0.4238829755318101,1.2452000000000005,0.40641411064400623,2.075497086175817
1.0,0.27176386479018066,0.5876190476190484,0.344995998804707,1.204378911213936
