n_week_train,mae_first,maxAE,mae_last,total
52.0,1.3441640174278162,4.773630952380927,1.5942109676109109,7.712005937419654
26.0,1.8915445279570708,5.890322580645133,1.8314141414082858,9.61328125001049
4.0,1.341078282368349,7.696181818181827,1.5680304697268697,10.605290570277045
1.0,1.5034746723184216,7.785000000000011,1.7635653115833871,11.05203998390182
