n_week_train,mae_first,maxAE,mae_last,total
52.0,1.3683098515519563,3.2280952380952392,2.5648177290060215,7.161222818653217
26.0,1.6528905726416296,4.460943396226416,1.9344158611466469,8.048249830014692
4.0,1.6107717982441312,3.838970588235293,2.1099691863300274,7.5597115728094515
1.0,2.1526161266894026,4.649999999999999,1.281344849519442,8.083960976208843
