n_week_train,mae_first,maxAE,mae_last,total
52.0,0.710175744040254,2.518352059925081,0.590022804850958,3.818550608816293
26.0,0.9210582789389958,3.2823076923076924,0.6396724186864507,4.843038389933139
4.0,0.6862848039036296,2.2270512820512827,0.6595953793908844,3.5729314653457966
1.0,0.6484296218487393,1.9157142857142855,0.6642801438757319,3.2284240514387568
