n_week_train,mae_first,maxAE,mae_last,total
52.0,0.3108302602903093,1.1418796992481208,0.342740119456633,1.7954500789950631
26.0,0.2816518367537045,1.0378571428571428,0.17856266932285772,1.498071648933705
4.0,0.23543944808907874,0.8214285714285712,0.16043079457653311,1.217298814094183
1.0,0.16713594276094274,0.5100000000000007,0.23625892047767047,0.9133948632386139
