n_week_train,mae_first,maxAE,mae_last,total
52.0,1.3768083739525203,3.943571428571424,1.509452312293133,6.829832114817077
26.0,1.3167170404701702,6.773333333333337,0.8417609628589677,8.931811336662475
4.0,1.2766542525827658,4.021093749999999,0.8618151932072445,6.159563195790009
1.0,1.1762229554865438,4.170000000000002,1.1681981339057952,6.514421089392341
