n_week_train,mae_first,maxAE,mae_last,total
52.0,1.5760732850059123,4.239999999999998,4.238177900984699,10.054251185990609
26.0,1.3654549813281094,3.2529313543599265,1.1689466920543232,5.787333027742359
4.0,1.3256068696802388,5.089254658385091,1.353332842693237,7.768194370758566
1.0,2.999444352343059,12.760000000000002,2.0286586906736166,17.788103043016676
