n_week_train,mae_first,maxAE,mae_last,total
52.0,0.9425180975354742,2.977522935779822,1.5012221638215844,5.421263197136881
26.0,0.8582324331247648,3.15153409090909,0.7416401550653688,4.751406679099223
4.0,0.7836388897554212,2.3513636363636365,0.8812856498660073,4.016288175985065
1.0,0.8675736961451248,3.445047619047619,0.8710983560090702,5.183719671201814
