n_week_train,mae_first,maxAE,mae_last,total
52.0,1.2172638648908638,4.094641638225262,2.966032224779633,8.27793772789576
26.0,1.0750251549620735,3.624953271028037,1.314226152486857,6.014204578476967
4.0,1.4656167307033947,10.923749999999998,0.9941878150284845,13.383554545731878
1.0,1.0905347222222221,4.054666666666666,1.1725417384438706,6.317743127332759
