n_week_train,mae_first,maxAE,mae_last,total
52.0,2.2669659876446837,6.693617021276616,2.37844550634563,11.339028515266929
26.0,2.2569988083799233,8.280666666666662,2.469976164793038,13.007641639839623
4.0,2.310676289144106,9.852708333333332,2.7289279191166953,14.892312541594134
1.0,2.571608642793987,5.936465517241377,3.0468585599027413,11.554932719938105
