n_week_train,mae_first,maxAE,mae_last,total
52.0,1.2666322455400243,3.191813471502588,1.017276082986675,5.475721800029287
26.0,1.0869243370589536,2.9536363636363667,1.1474255509276876,5.187986251623008
4.0,1.3297353174603161,3.047388888888886,1.181855821722085,5.558980028071287
1.0,0.9419416924664596,2.3113157894736815,1.1082155712327473,4.3614730531728885
