n_week_train,mae_first,maxAE,mae_last,total
52.0,2.11929442903709,9.086066911397822,2.4918882030479996,13.697249543482911
26.0,2.2521903056059003,7.160999357704895,1.9322230044499582,11.345412667760755
4.0,2.285664369291574,9.760956649132382,2.0867247783523246,14.13334579677628
1.0,1.9598817307692329,7.7733333333333405,2.079457451499118,11.812672515601692
