n_week_train,mae_first,maxAE,mae_last,total
52.0,2.3863054305187283,8.293069317624497,2.1333435841590083,12.812718332302232
26.0,2.1480074650531646,6.4555263157894665,2.0947878437027105,10.698321624545343
4.0,3.1526305782455406,10.3583486238532,2.505207151948092,16.01618635404683
1.0,3.66908471906358,12.572758620689651,3.63686428742394,19.87870762717717
