n_week_train,mae_first,maxAE,mae_last,total
52.0,0.8591250905575181,2.815580419056385,1.3763800437554505,5.0510855533693535
26.0,1.4348769075553787,8.130000000000003,1.163348959503449,10.72822586705883
4.0,1.292114791776819,2.8898527965787615,1.3578586852248682,5.539826273580449
1.0,0.972728324918289,2.5880447920895584,1.6337969683849636,5.194570085392811
