n_week_train,mae_first,maxAE,mae_last,total
52.0,1.3781779055974734,4.465943741731806,1.4938422611943785,7.337963908523658
26.0,1.2834294067324854,4.7380645161290325,1.4273116295598622,7.448805552421381
4.0,1.0283479348661593,2.4271666666666647,1.210921827073552,4.666436428606376
1.0,1.45793392140625,6.606666666666662,1.291728495270162,9.356329083343073
