n_week_train,mae_first,maxAE,mae_last,total
52.0,2.3017917592091317,12.588846153846156,2.0281279759487187,16.918765889004007
26.0,1.7015433227783827,5.741260504201676,1.9611530234179504,9.403956850398009
4.0,1.484553949853987,4.1220689655172436,1.9168495539994022,7.523472469370633
1.0,2.2360119970820778,9.260000000000005,1.9840033666549277,13.48001536373701
