n_week_train,mae_first,maxAE,mae_last,total
52.0,0.9291157284581307,2.767473684210529,0.667218278371273,4.363807691039932
26.0,0.6757187898557806,2.4650819672131163,0.7861932851680379,3.926994042236935
4.0,0.8192252041017768,3.5871764705882345,0.8204498990815476,5.226851573771559
1.0,1.1671859545781647,3.022857142857143,0.8353078703703701,5.025350967805678
