n_week_train,mae_first,maxAE,mae_last,total
52.0,1.073259630263306,3.818464601305819,1.0375929516234292,5.929317183192554
26.0,0.88120819154,2.2098876404494376,0.9573935756592173,4.048489407648654
4.0,1.031580265495141,3.4641666666666637,0.97109611979568,5.466843051957484
1.0,0.7641395137600493,1.952613636363635,0.9906877823730501,3.7074409324967346
