n_week_train,mae_first,maxAE,mae_last,total
52.0,1.4837233615417462,3.9895762711864364,1.595408370815364,7.068708003543547
26.0,2.0642931061667573,6.000963855421684,1.6798284677541646,9.745085429342607
4.0,1.7291907623302134,6.251666666666665,1.8730203401264838,9.853877769123361
1.0,1.4479111305361316,4.0221153846153825,1.7718555194805194,7.241882034632034
