n_week_train,mae_first,maxAE,mae_last,total
52.0,0.3636925763794342,1.3163106796116466,0.6047767741143276,2.2847800301054084
26.0,0.39233910325357635,1.3857407407407383,0.3770690456158537,2.1551488896101683
4.0,0.3467684533200931,0.9399999999999995,0.4050516548158678,1.6918201081359603
1.0,0.39453707743781274,1.09375,0.522175786734447,2.0104628641722595
