n_week_train,mae_first,maxAE,mae_last,total
52.0,3.415463370024529,21.35733333333333,2.966835351930083,27.73963205528794
26.0,3.8202140926861667,20.191315789473677,3.136195882101754,27.1477257642616
4.0,3.4472305476441947,20.812222222222218,3.3302760971949805,27.589728867061396
1.0,4.379054153311967,16.83,3.8460378397655353,25.0550919930775
