n_week_train,mae_first,maxAE,mae_last,total
52.0,2.649818245754756,8.580000000000027,2.6184288434242515,13.848247089179033
26.0,2.499115541407808,7.911555555555552,2.0100328268082195,12.420703923771578
4.0,1.9651423663009582,9.938000000000002,2.4167176426043757,14.319860008905335
1.0,2.328508788833967,8.851818181818189,2.767697591633553,13.948024562285708
