n_week_train,mae_first,maxAE,mae_last,total
52.0,0.8131362481598179,1.8041666666666671,0.9155793342043252,3.5328822490308105
26.0,0.9331523955203027,2.577233009708741,1.096383660198496,4.60676906542754
4.0,0.9234581196581195,2.7859999999999996,1.03718227983564,4.746640399493759
1.0,1.0099305447571651,2.861376146788993,1.3100864735050703,5.181393165051228
