n_week_train,mae_first,maxAE,mae_last,total
52.0,0.9332984956240431,3.3005645161290307,0.9199467307521912,5.153809742505265
26.0,0.9234496180495961,2.276946564885497,0.9060394031458685,4.106435586080962
4.0,0.7018645124716555,1.8738809523809525,0.7004278753821723,3.2761733402347804
1.0,0.8986904761904766,2.5116071428571427,0.8040890890890888,4.214386708136708
