n_week_train,mae_first,maxAE,mae_last,total
52.0,1.3239376165752446,5.499189189189188,1.4136479999881268,8.23677480575256
26.0,1.7630445925585303,5.3536305732484095,1.480434195968792,8.597109361775733
4.0,1.5156863343420526,7.550000000000001,1.0640895455265105,10.129775879868564
1.0,1.9833915436415435,6.560000000000002,1.716679165043928,10.260070708685474
