n_week_train,mae_first,maxAE,mae_last,total
52.0,1.9901159778464215,5.834545454545459,2.7313670690125553,10.556028501404437
26.0,1.429433986484239,10.459999999999997,2.609306230632502,14.498740217116739
4.0,2.38820966606065,11.125,2.3554343589382785,15.868644024998929
1.0,2.3661009170227914,7.027777777777775,2.5931364573607216,11.987015152161288
