n_week_train,mae_first,maxAE,mae_last,total
52.0,2.682072623372428,6.95086666666667,4.0421408469482705,13.675080136987368
26.0,2.0490935820372678,5.315882352941177,2.846849140841201,10.211825075819645
4.0,2.5843962182007987,6.085900000000002,2.0595646748769427,10.729860893077742
1.0,1.4423788265306101,4.847142857142856,2.2714870353412016,8.561008719014668
