n_week_train,mae_first,maxAE,mae_last,total
52.0,0.35670720673197964,1.1270359281437123,0.34466156981891377,1.8284047046946057
26.0,0.38855151608906013,1.5540476190476191,0.267272007927739,2.2098711430644182
4.0,0.28587915540959263,1.3174193548387096,0.2877337414663488,1.8910322517146512
1.0,0.33532212449656484,1.424583333333333,0.32285596804511274,2.0827614258750105
